"DESCRIPTION","DURATION IN MS","NAME","PARENT SUITE","START TIME","STATUS","STOP TIME","SUB SUITE","SUITE","TEST CLASS","TEST METHOD"
"","1955","CART-02. Added multiple items display in the cart @regression","chromium","2026-06-03","passed","2026-06-03","Cart Functionality Suite","CartFunctionality.spec.ts","",""
"","3705","CART-07: Cart persistence check @regression","webkit","2026-06-03","passed","2026-06-03","Cart Functionality Suite","CartFunctionality.spec.ts","",""
"","4013","ORDER-01: Successful order placement with one item @regression @smoke","webkit","2026-06-03","passed","2026-06-03","Order Placement Suite","OrderPlacement.spec.ts","",""
"","4636","CART-02. Added multiple items display in the cart @regression","firefox","2026-06-03","passed","2026-06-03","Cart Functionality Suite","CartFunctionality.spec.ts","",""
"","2032","ORDER-08: Canceling order placement should led to Item List @regression","webkit","2026-06-03","passed","2026-06-03","Order Placement Suite","OrderPlacement.spec.ts","",""
"","2003","CART-03: Removed from cart item is not displayed in the cart @regression @smoke","chromium","2026-06-03","passed","2026-06-03","Cart Functionality Suite","CartFunctionality.spec.ts","",""
"","2557","CART-04: Added to the cart item can be removed from the Item list @regression @smoke","firefox","2026-06-03","passed","2026-06-03","Cart Functionality Suite","CartFunctionality.spec.ts","",""
"","4468","CART-01. Added item displays in the cart @regression @smoke","firefox","2026-06-03","passed","2026-06-03","Cart Functionality Suite","CartFunctionality.spec.ts","",""
"","3954","ORDER-02: Successful order placement with multiple items @regression","webkit","2026-06-03","passed","2026-06-03","Order Placement Suite","OrderPlacement.spec.ts","",""
"","3363","ORDER-07: Canceling checkout process should led to the cart @regression","webkit","2026-06-03","passed","2026-06-03","Order Placement Suite","OrderPlacement.spec.ts","",""
"","2020","ORDER-02: Successful order placement with multiple items @regression","chromium","2026-06-03","passed","2026-06-03","Order Placement Suite","OrderPlacement.spec.ts","",""
"","3447","CART-06: Contunue shopping should return back to the Item List @regression @smoke","webkit","2026-06-03","passed","2026-06-03","Order Placement Suite","OrderPlacement.spec.ts","",""
"","2994","CART-06: Contunue shopping should return back to the Item List @regression @smoke","firefox","2026-06-03","passed","2026-06-03","Order Placement Suite","OrderPlacement.spec.ts","",""
"","2879","ORDER-07: Canceling checkout process should led to the cart @regression","firefox","2026-06-03","passed","2026-06-03","Order Placement Suite","OrderPlacement.spec.ts","",""
"","2907","ORDER-02: Successful order placement with multiple items @regression","firefox","2026-06-03","passed","2026-06-03","Order Placement Suite","OrderPlacement.spec.ts","",""
"","4366","CART-03: Removed from cart item is not displayed in the cart @regression @smoke","firefox","2026-06-03","passed","2026-06-03","Cart Functionality Suite","CartFunctionality.spec.ts","",""
"","1709","CART-06: Contunue shopping should return back to the Item List @regression @smoke","chromium","2026-06-03","passed","2026-06-03","Order Placement Suite","OrderPlacement.spec.ts","",""
"","1753","CART-07: Cart persistence check @regression","chromium","2026-06-03","passed","2026-06-03","Cart Functionality Suite","CartFunctionality.spec.ts","",""
"","9154","CART-02. Added multiple items display in the cart @regression","webkit","2026-06-03","passed","2026-06-03","Cart Functionality Suite","CartFunctionality.spec.ts","",""
"","2788","CART-07: Cart persistence check @regression","firefox","2026-06-03","passed","2026-06-03","Cart Functionality Suite","CartFunctionality.spec.ts","",""
"","1466","ORDER-08: Canceling order placement should led to Item List @regression","chromium","2026-06-03","passed","2026-06-03","Order Placement Suite","OrderPlacement.spec.ts","",""
"","1744","ORDER-04: If Checkout form fields are empty the error message should be visible @regression","chromium","2026-06-03","passed","2026-06-03","Order Placement Suite","OrderPlacement.spec.ts","",""
"","3496","ORDER-04: If Checkout form fields are empty the error message should be visible @regression","webkit","2026-06-03","passed","2026-06-03","Order Placement Suite","OrderPlacement.spec.ts","",""
"","2727","ORDER-04: If Checkout form fields are empty the error message should be visible @regression","firefox","2026-06-03","passed","2026-06-03","Order Placement Suite","OrderPlacement.spec.ts","",""
"","3269","CART-04: Added to the cart item can be removed from the Item list @regression @smoke","webkit","2026-06-03","passed","2026-06-03","Cart Functionality Suite","CartFunctionality.spec.ts","",""
"","1508","CART-04: Added to the cart item can be removed from the Item list @regression @smoke","chromium","2026-06-03","passed","2026-06-03","Cart Functionality Suite","CartFunctionality.spec.ts","",""
"","1799","CART-01. Added item displays in the cart @regression @smoke","chromium","2026-06-03","passed","2026-06-03","Cart Functionality Suite","CartFunctionality.spec.ts","",""
"","8952","CART-01. Added item displays in the cart @regression @smoke","webkit","2026-06-03","passed","2026-06-03","Cart Functionality Suite","CartFunctionality.spec.ts","",""
"","2007","ORDER-01: Successful order placement with one item @regression @smoke","chromium","2026-06-03","passed","2026-06-03","Order Placement Suite","OrderPlacement.spec.ts","",""
"","1608","ORDER-07: Canceling checkout process should led to the cart @regression","chromium","2026-06-03","passed","2026-06-03","Order Placement Suite","OrderPlacement.spec.ts","",""
"","2004","CART-10: Refreshing Cart page does not affect cart state @regression","chromium","2026-06-03","passed","2026-06-03","Cart Functionality Suite","CartFunctionality.spec.ts","",""
"","2536","CART-05: Added to the cart item can be removed from the Item Details page @regression","firefox","2026-06-03","passed","2026-06-03","Cart Functionality Suite","CartFunctionality.spec.ts","",""
"","4005","CART-10: Refreshing Cart page does not affect cart state @regression","webkit","2026-06-03","passed","2026-06-03","Cart Functionality Suite","CartFunctionality.spec.ts","",""
"","3428","CART-05: Added to the cart item can be removed from the Item Details page @regression","webkit","2026-06-03","passed","2026-06-03","Cart Functionality Suite","CartFunctionality.spec.ts","",""
"","8723","CART-03: Removed from cart item is not displayed in the cart @regression @smoke","webkit","2026-06-03","passed","2026-06-03","Cart Functionality Suite","CartFunctionality.spec.ts","",""
"","1626","CART-05: Added to the cart item can be removed from the Item Details page @regression","chromium","2026-06-03","passed","2026-06-03","Cart Functionality Suite","CartFunctionality.spec.ts","",""
"","2175","ORDER-08: Canceling order placement should led to Item List @regression","firefox","2026-06-03","passed","2026-06-03","Order Placement Suite","OrderPlacement.spec.ts","",""
"","3514","CART-10: Refreshing Cart page does not affect cart state @regression","firefox","2026-06-03","passed","2026-06-03","Cart Functionality Suite","CartFunctionality.spec.ts","",""
"","2886","ORDER-01: Successful order placement with one item @regression @smoke","firefox","2026-06-03","passed","2026-06-03","Order Placement Suite","OrderPlacement.spec.ts","",""
